{"accuracy": [0.5566256642341614, 0.8226900696754456, 0.883192241191864, 0.9119994044303894, 0.930820107460022, 0.9441781044006348, 0.9497830867767334, 0.9586172699928284, 0.9638096690177917, 0.9666690230369568], "loss": [1.5397834777832031, 0.5873846411705017, 0.3873715102672577, 0.2914021611213684, 0.2343635857105255, 0.19271202385425568, 0.17416784167289734, 0.1473507583141327, 0.13100840151309967, 0.12111692130565643], "val_accuracy": [0.8195993900299072, 0.8847029209136963, 0.9096289277076721, 0.9288071990013123, 0.9117915034294128, 0.9459367394447327, 0.9465057849884033, 0.9508877992630005, 0.948554515838623, 0.9586273431777954], "val_loss": [0.578255295753479, 0.36894887685775757, 0.30624544620513916, 0.22592926025390625, 0.3407873511314392, 0.1914921998977661, 0.21140678226947784, 0.20489618182182312, 0.21532732248306274, 0.17342430353164673]}